{
    "model_name": "Linear Regression",
    "train_metrics": {
        "mse": 4.0408544855510805e-21,
        "rmse": 6.356771574904261e-11,
        "mae": 4.6214788971914316e-11,
        "r2": 1.0,
        "mape": 4.651075210246615e-13
    },
    "test_metrics": {
        "mse": 3.962966778109983e-21,
        "rmse": 6.295209907628167e-11,
        "mae": 4.5995066684152184e-11,
        "r2": 1.0,
        "mape": 4.643151358186931e-13
    },
    "training_time": 0.118477,
    "timestamp": "2026-02-18T19:09:50.374368"
}