Model,Train_R2,Test_R2,Train_RMSE,Test_RMSE,Train_MAE,Test_MAE,MAPE_%,Training_Time_s
Linear Regression,1.0,1.0,6.356771574904261e-11,6.295209907628167e-11,4.6214788971914316e-11,4.5995066684152184e-11,4.643151358186931e-13,0.105412
XGBoost,0.998941719816469,0.9942426756354328,591.6163085153183,1335.6231126149908,404.0657166012598,536.5758711473019,3.7860142549200804,0.300085
Random Forest,0.9991327968241904,0.9916913851121533,535.5502607563756,1604.493239367142,219.06710894624263,609.2390400803547,3.9115874477895294,9.600298
